NAME,ADRESS1,ADDRESS2,ZIP,CITY,TEL,URL,Geometry X Y,Geometry
New York Historical Society,2 West 77th Street,,10024,New York,(212) 873-3400,https://www.nyhistory.org/web/,"40.7792735746, -73.9742575385","{""type"": ""Point"", ""coordinates"": [-73.97425753845441, 40.77927357460767]}"
Discovery Times Square Exposition,226 W 44th St,,1036,New York,(866) 987-9692,http://www.discoverytsx.com/nyc/,"40.7575014185, -73.9873186395","{""type"": ""Point"", ""coordinates"": [-73.98731863949307, 40.75750141851042]}"
New York Hall of Science,47-01 111th Street,,11368,Queens,(718) 699-0005,http://www.nysci.org/,"40.7471481203, -73.8516867961","{""type"": ""Point"", ""coordinates"": [-73.85168679608964, 40.74714812029652]}"
"The Freakatorium, El Museo Loco",57 Clinton St.,,10002,New York,(212) 375-0475,http://www.freakatorium.com/,"40.7196170612, -73.9850144887","{""type"": ""Point"", ""coordinates"": [-73.98501448872388, 40.719617061169714]}"
Mount Vernon Hotel Museum & Garden,421 East 61 Street,,10021,New York,(212) 838-6878,http://www.mvhm.org/,"40.7605261176, -73.9597108286","{""type"": ""Point"", ""coordinates"": [-73.95971082860422, 40.76052611763085]}"
National Lighthouse Museum,1 Lighthouse Plaza,,10301,Staten Island,(718) 556-1681,http://statenislandusa.com/pages/lighthouse.html,"40.6409493496, -74.0737371299","{""type"": ""Point"", ""coordinates"": [-74.07373712994531, 40.640949349582726]}"
Van Cortlandt House Museum,VAN CRTLANDT MANSION,Broadway at West 246th Street,10471,Bronx,(718) 543-3344,http://www.vancortlandthouse.org/,"40.8911115004, -73.8948225696","{""type"": ""Point"", ""coordinates"": [-73.89482256955048, 40.89111150035154]}"
American Academy of Arts and Letters,633 W. 155th St.,,10032,New York,(212) 368-5900,http://www.artsandletters.org/,"40.833853834, -73.9472976846","{""type"": ""Point"", ""coordinates"": [-73.94729768457962, 40.83385383400618]}"
Bronx Museum of the Arts (BXMA),1040 Grand Concourse,,10456,Bronx,(718) 681-6000,http://www.bronxmuseum.org/,"40.8310301136, -73.9197501763","{""type"": ""Point"", ""coordinates"": [-73.91975017634046, 40.83103011364028]}"
Paley Center For Media (formerly Museum Of Television & Radio),25 West 52 Street,,10019,New York,(212) 621-6800,http://www.paleycenter.org/,"40.7605739721, -73.9776016136","{""type"": ""Point"", ""coordinates"": [-73.97760161359206, 40.760573972106314]}"
Queens County Farm Museum,73-50 Little Neck Parkway,,11004,Queens,(718) 347-3276,http://www.queensfarm.org/,"40.7455699373, -73.7257366073","{""type"": ""Point"", ""coordinates"": [-73.72573660731798, 40.745569937346104]}"
Dia at the Hispanic Society,613 West 155th Street,,10032,New York,(845) 440-0100,http://www.diabeacon.org/,"40.8333024434, -73.9464931815","{""type"": ""Point"", ""coordinates"": [-73.94649318154194, 40.83330244338225]}"
LaGuardia and Wagner Archives,31-10 Thomson Ave.,Fiorello H. LaGuardia Community College/CUNY Room E-238,11101,Queens,(718) 482-5065,http://www.laguardiawagnerarchive.lagcc.cuny.edu/defaultc.htm,"40.7439604055, -73.93514568","{""type"": ""Point"", ""coordinates"": [-73.9351456800431, 40.74396040554387]}"
South Street Seaport Museum,12 Fulton Street,,10038,New York,(212) 748-8600,http://www.southstreetseaportmuseum.org/,"40.7066036913, -74.0037209403","{""type"": ""Point"", ""coordinates"": [-74.00372094028401, 40.706603691322506]}"
Bowne House,37-01 Bowne Street,,11354,Queens,(718) 359-0528,http://www.bownehouse.org/,"40.762886666, -73.8248904628","{""type"": ""Point"", ""coordinates"": [-73.82489046278742, 40.76288666595554]}"
Chelsea Art Museum,556 West 22nd Street,,10011,New York,(212) 255-0719,http://www.chelseaartmuseum.org/,"40.7478979349, -74.007315534","{""type"": ""Point"", ""coordinates"": [-74.00731553400236, 40.747897934885344]}"
Morgan Library and Museum,225 Madison Avenue,,10016,New York,(212) 685-0008,http://www.themorgan.org/home.asp,"40.749295405, -73.9813214855","{""type"": ""Point"", ""coordinates"": [-73.98132148549134, 40.74929540502308]}"
Museum of American Illustration,128 E. 63d St.,,10021,New York,(212) 838-2560,http://societyillustrators.org/museum/index.cms,"40.7647159552, -73.9669003096","{""type"": ""Point"", ""coordinates"": [-73.96690030959265, 40.76471595523882]}"
Museum of Contemporary African Diasporan Arts (MoCADA),80 Hanson Place,,11217,Brooklyn,(718) 230-0492,http://www.mocada.org/,"40.6852454772, -73.9744247764","{""type"": ""Point"", ""coordinates"": [-73.97442477644215, 40.6852454771804]}"
Wave Hill,West 249th Street & Independence Avenue,,10471,Bronx,(718) 549-3200,http://wavehill.org/visit/,"40.8978850483, -73.9116537657","{""type"": ""Point"", ""coordinates"": [-73.91165376565348, 40.897885048347355]}"
El Museo del Barrio,1230 Fifth Ave,,10029,New York,(212) 831-7272,http://www.elmuseo.org/,"40.7930992541, -73.9513676014","{""type"": ""Point"", ""coordinates"": [-73.95136760139879, 40.793099254062014]}"
Goethe-Institut New York,1014 Fifth Avenue,,10028,New York,(212) 439-8700,http://www.goethe.de/ins/us/ney/deindex.htm,"40.7791659744, -73.9617420391","{""type"": ""Point"", ""coordinates"": [-73.96174203914025, 40.77916597442676]}"
Museum of the Moving Image,35 Avenue at 36 Street,,11106,Queens,(718) 784-4520,http://www.movingimage.us/site/site.php,"40.7569448209, -73.924510173","{""type"": ""Point"", ""coordinates"": [-73.92451017304529, 40.756944820869904]}"
Asia Society,725 Park Avenue,,10021,New York,(212) 288-6400,http://www.asiasociety.org/,"40.7698341164, -73.9642839573","{""type"": ""Point"", ""coordinates"": [-73.96428395731807, 40.7698341164175]}"
Leo Baeck Institute,15 W. 16th St.,,10011,New York,(212) 744-6400,http://www.lbi.org/,"40.7380278755, -73.9937644934","{""type"": ""Point"", ""coordinates"": [-73.99376449344754, 40.73802787553724]}"
Queens Art Museum - Bulova Corporate Center,75-20 Astoria Blvd.,,11386,Jackson Heights,(516) 624-1910,http://www.bdg.net/properties/1/,"40.7646075888, -73.8931484548","{""type"": ""Point"", ""coordinates"": [-73.89314845478769, 40.76460758884513]}"
Alice Austen House Museum,2 Hylan Blvd,,10305,Staten Island,(718) 816-4506,http://www.aliceausten.org/,"40.6151211709, -74.0630317882","{""type"": ""Point"", ""coordinates"": [-74.06303178821886, 40.61512117086317]}"
Bronx Historical Society & Musem,3309 Bainbridge Ave,,10467,Bronx,(718) 881-8900,http://www.bronxhistoricalsociety.org/,"40.878236774, -73.8797487403","{""type"": ""Point"", ""coordinates"": [-73.87974874027033, 40.87823677401276]}"
Brooklyn Museum,200 Eastern Parkway,,11238,Brooklyn,(718) 638-5000,http://www.brooklynmuseum.org/,"40.6710835449, -73.9635850678","{""type"": ""Point"", ""coordinates"": [-73.96358506782803, 40.67108354485234]}"
East Village History Project,308 Bowery,,10012,New York,(212) 614-8702,http://leshp.org/,"40.7249600377, -73.9927230614","{""type"": ""Point"", ""coordinates"": [-73.99272306136817, 40.724960037723925]}"
Municipal Art Society,457 Madison Avenue,,10022,New York,(212) 935-3960,http://mas.org/,"40.7582486389, -73.9749998698","{""type"": ""Point"", ""coordinates"": [-73.9749998697511, 40.75824863892917]}"
The Jazz Museum in Harlem,104 E. 126th Street,Suite 2D,10035,New York,(212) 348-8300,http://www.jazzmuseuminharlem.org/,"40.8052767178, -73.9380587419","{""type"": ""Point"", ""coordinates"": [-73.93805874185755, 40.80527671780007]}"
Jacques Marchais Center Museum of Tibetan Art,338 Lighthouse Avenue,,10306,Staten Island,(718) 987-3500,http://www.tibetanmuseum.org/,"40.5763131685, -74.1381233657","{""type"": ""Point"", ""coordinates"": [-74.13812336572592, 40.57631316850206]}"
School of Visual Arts Museum,209 E. 23rd St.,,10010,New York,(212) 592-2145,http://www.schoolofvisualarts.edu/sa/index.jsp?sid0=201&page_id=482&event_id=865,"40.7387595242, -73.9822423257","{""type"": ""Point"", ""coordinates"": [-73.9822423257005, 40.73875952420823]}"
Audubon Terrace,Broadway at 155 Street,,10032,New York,,http://www.washington-heights.us/history/archives/audubon_terrace_museum_group_102.html,"40.8335826156, -73.9465459041","{""type"": ""Point"", ""coordinates"": [-73.94654590409341, 40.83358261557155]}"
Lee Young Hee Museum of Korean Culture,2 West 32nd Street,Suite 301,10001,New York,(212) 560-0722,http://www.lyhkm.org/,"40.747197428, -73.9861883304","{""type"": ""Point"", ""coordinates"": [-73.98618833037814, 40.74719742797433]}"
Dahesh Museum,580 Madison Avenue,,10022,New York,(212) 759-0606,http://www.daheshmuseum.org,"40.7621073061, -73.9730419015","{""type"": ""Point"", ""coordinates"": [-73.97304190152968, 40.76210730612986]}"
Museum for African Art,36-01 43rd Avenue,3rd Floor,11101,Queens,(718) 784-7700,http://www.africanart.org/,"40.7463420716, -73.9282239104","{""type"": ""Point"", ""coordinates"": [-73.92822391044865, 40.74634207163369]}"
Tenement Museum,108 Orchard Street,,10002,New York,(212) 431-0233,http://www.tenement.org/,"40.7186880312, -73.9896790483","{""type"": ""Point"", ""coordinates"": [-73.98967904826112, 40.71868803116817]}"
Frick Collection,1 E. 70th Street,,10021,New York,(212) 288-0700,http://www.frick.org/,"40.771054987, -73.9670804059","{""type"": ""Point"", ""coordinates"": [-73.96708040590582, 40.77105498696251]}"
Gracie Mansion,89th Street at East End Avenue,Carl Schurz Park,10128,New York,(212)-570-4751,http://www.nyc.gov/html/om/html/gracie.html,"40.7761137833, -73.9430684628","{""type"": ""Point"", ""coordinates"": [-73.94306846281332, 40.77611378333488]}"
King Manor Museum,152-01 Jamaica Avenue,,11432,Queens,(718) 206-0545,http://www.kingmanor.org/,"40.703042352, -73.8037606199","{""type"": ""Point"", ""coordinates"": [-73.80376061987825, 40.70304235195897]}"
Museum of the City of New York,1220 Fifth Avenue,,10029,New York,(212) 534-1672,http://www.mcny.org,"40.7925093681, -73.9519169742","{""type"": ""Point"", ""coordinates"": [-73.9519169742138, 40.792509368057445]}"
Seguine Mansion,440 Seguine Avenue,,10307,Staten Island,(718) 667-6042,http://www.historichousetrust.org/item.php?i_id=38,"40.5152146772, -74.1975892999","{""type"": ""Point"", ""coordinates"": [-74.19758929987562, 40.515214677212086]}"
American Sephardi Federation / Sephardic House,15 W. 16th St.,,10011,New York,(212) 294-8350,http://www.americansephardifederation.org/,"40.7380775667, -73.9938857969","{""type"": ""Point"", ""coordinates"": [-73.99388579692338, 40.73807756665462]}"
Staten Island Children's Museum,1000 Richmond Terr.,,10301,Staten Island,(718) 273-2060,http://www.statenislandkids.org/,"40.6427092157, -74.101892106","{""type"": ""Point"", ""coordinates"": [-74.10189210604688, 40.64270921571594]}"
Valentine-Varian House,3266 Bainbridge Ave.,,10467,Bronx,(718) 881-8900,http://www.museumregister.com/US/NewYork/Bronx/ValentineVarianHouse/Info.html,"40.8773801583, -73.8794247176","{""type"": ""Point"", ""coordinates"": [-73.87942471758203, 40.877380158270206]}"
Alexander Hamilton U.S. Custom House,1 Bowling Grn,,10004,New York,(212) 514-3700,http://www.oldnycustomhouse.gov/,"40.70381655, -74.0137557957","{""type"": ""Point"", ""coordinates"": [-74.01375579573735, 40.703816550045374]}"
Fraunces Tavern Museum,54 Pearl Street,,10004,New York,(212) 425-1778,http://www.frauncestavernmuseum.org/,"40.7033996096, -74.0113392638","{""type"": ""Point"", ""coordinates"": [-74.01133926376448, 40.70339960964703]}"
Morris-Jumel Mansion,65 Jumel Terrace,,10032,New York,(212) 923-8008,http://www.morrisjumel.org/,"40.8344480133, -73.9385743873","{""type"": ""Point"", ""coordinates"": [-73.93857438733134, 40.83444801328512]}"
Coney Island Museum,1208 Surf Ave,,11224,Brooklyn,(718) 372-5159,http://www.coneyisland.com/,"40.5752635759, -73.9798559835","{""type"": ""Point"", ""coordinates"": [-73.97985598353777, 40.575263575852844]}"
New York City Police Museum,100 Old Slip,,10038,New York,(212) 480-3100,http://www.nycpolicemuseum.org/,"40.7034786244, -74.0081175449","{""type"": ""Point"", ""coordinates"": [-74.0081175449167, 40.70347862439035]}"
Garibaldi-Meucci Museum,420 Tompkins Avenue,,10305,Staten Island,(718) 442-1608,http://statenislandusa.com/pages/garibaldi.html,"40.6151655581, -74.0738777421","{""type"": ""Point"", ""coordinates"": [-74.07387774213888, 40.61516555807553]}"
Isamu Noguchi Garden Museum,32-37 Vernon Boulevard,,11106,Long Island City,(718) 204-7088,http://www.noguchi.org/,"40.7669569455, -73.9376551447","{""type"": ""Point"", ""coordinates"": [-73.93765514470537, 40.76695694551662]}"
Anne Frank Center USA,38 Crosby Street,5th Floor,10012,New York,(212) 431-7993,http://www.annefrank.com/,"40.7211277832, -73.9996303684","{""type"": ""Point"", ""coordinates"": [-73.99963036836225, 40.72112778318637]}"
International Center of Photography,1133 Avenue Of The Americas,,10036,New York,(212) 857-0000,http://www.icp.org/,"40.7560214841, -73.983836725","{""type"": ""Point"", ""coordinates"": [-73.98383672497543, 40.756021484149834]}"
Jewish Museum,1109 Fifth Ave,,10128,New York,(212) 423-3200,http://www.thejewishmuseum.org/index.php,"40.7854025896, -73.9571870584","{""type"": ""Point"", ""coordinates"": [-73.9571870583567, 40.785402589646765]}"
Kingsland Homestead,143-35 37th Avenue,,11354,Queens,(718) 206-0545,http://www.queenshistoricalsociety.org/kingsland.html,"40.7635960383, -73.8241564188","{""type"": ""Point"", ""coordinates"": [-73.82415641882142, 40.76359603830821]}"
Merchant's House Museum,29 East Fourth Street,,10003,New York,(212) 777-1089,http://www.merchantshouse.com/,"40.7276577505, -73.9923460477","{""type"": ""Point"", ""coordinates"": [-73.99234604768762, 40.7276577504599]}"
Museum of American Finance,48 Wall Street,,10005,New York,(212) 908-4110,http://www.moaf.org/index,"40.7064849219, -74.009121605","{""type"": ""Point"", ""coordinates"": [-74.00912160496975, 40.70648492187341]}"
Sandy Ground Historical Society,1538 Woodrow Road,,0,Staten Island,(718) 317-5796,http://statenislandusa.com/pages/sandy_ground.html,"40.5409786882, -74.2165028204","{""type"": ""Point"", ""coordinates"": [-74.21650282039485, 40.54097868820677]}"
Studio Museum in Harlem,144 West 125th Street,,10027,New York,(212) 864-4500,http://www.studiomuseum.org,"40.8082458094, -73.9477261543","{""type"": ""Point"", ""coordinates"": [-73.94772615425289, 40.80824580944094]}"
Intrepid Sea-Air-Space Museum,Pier 86 12th Ave. & 46th Street,,10036,New York,(212) 245-0072,http://www.intrepidmuseum.org/,"40.7647836077, -74.0008918056","{""type"": ""Point"", ""coordinates"": [-74.00089180560201, 40.76478360767168]}"
Jackie Robinson Museum,1 Hudson Square,75 Varick Street 2nd Floor,10013,New York,(212) 290-8600,http://www.jackierobinson.org/,"40.7233509953, -74.0066418549","{""type"": ""Point"", ""coordinates"": [-74.00664185494652, 40.72335099531941]}"
New York Tolerance Center,50 E 42nd St,,10017,New York,(212) 697-1180,http://www.kintera.org/site/pp.asp?c=fwLYKnN8LzH&b=242506,"40.7524232537, -73.9791241123","{""type"": ""Point"", ""coordinates"": [-73.97912411231837, 40.75242325372978]}"
P.S. 1 Contemporary Art Center,22-25 Jackson Ave.,,11101,Queens,(718) 784-2084,http://www.ps1.org/,"40.7458398025, -73.9462124178","{""type"": ""Point"", ""coordinates"": [-73.94621241781607, 40.74583980252048]}"
Rose Center for Earth and Space (Hayden Planetarium),15 West 81st Street,,10024,New York,(212) 769-5100,http://www.haydenplanetarium.org/index.php,"40.7828601663, -73.9725749109","{""type"": ""Point"", ""coordinates"": [-73.97257491091315, 40.7828601662858]}"
Center For Jewish History,15 W. 16th St.,,10011,New York,(212) 294-8301,http://www.cjh.org,"40.737987098, -73.9938687724","{""type"": ""Point"", ""coordinates"": [-73.99386877243293, 40.737987097959646]}"
American Numismatic Society,75 Varick St,11th Floor,10013,New York,(212) 571-4470,http://www.numismatics.org/,"40.7235269249, -74.0070118795","{""type"": ""Point"", ""coordinates"": [-74.00701187947675, 40.72352692494523]}"
Drawing Center,35 Wooster St.,,10013,New York,(212) 219-2166,http://www.drawingcenter.org/about_visit.cfm,"40.7224515216, -74.0029041719","{""type"": ""Point"", ""coordinates"": [-74.00290417194354, 40.72245152164433]}"
Hall Of Fame For Great Americans,Hall of Fame Terrace & Sedgwick Avenue,,10453,Bronx,(718) 289-5161,http://www.bcc.cuny.edu/hallofFame/,"40.8587475032, -73.9139796285","{""type"": ""Point"", ""coordinates"": [-73.91397962854197, 40.858747503194394]}"
Metropolitan Museum of Art (MET),1000 Fifth Avenue,,10028,New York,(212) 535-7710,http://www.metmuseum.org/,"40.7794238752, -73.9634511117","{""type"": ""Point"", ""coordinates"": [-73.96345111167683, 40.779423875206746]}"
Museum of Arts & Design (MAD),2 Columbus Circle,,10019,New York,(212) 299-7777,http://www.madmuseum.org/,"40.7674064074, -73.9820072512","{""type"": ""Point"", ""coordinates"": [-73.98200725119047, 40.76740640743862]}"
Museum Of Chinese In America,215 Centre Street,,10013,New York,(212) 619-4785,http://www.mocanyc.org/,"40.7194542788, -73.9991919188","{""type"": ""Point"", ""coordinates"": [-73.99919191876907, 40.71945427879046]}"
National September 11 Memorial & Museum at the World Trade Center,1 Liberty Plaza,20th Floor,10006,New York,(212) 227-7722,http://www.national911memorial.org/site/PageServer?pagename=New_Home,"40.7096548206, -74.0109156608","{""type"": ""Point"", ""coordinates"": [-74.01091566077586, 40.70965482060665]}"
Rose Museum at Carnegie Hall,154 West 57th Street,,0,New York,(212) 903-9629,http://www.carnegiehall.org/textSite/the_basics/art_museum_archives.html,"40.7650126465, -73.9799105035","{""type"": ""Point"", ""coordinates"": [-73.97991050353076, 40.76501264646475]}"
Rubin Museum of Art,150 West 17th Street,,10011,New York,(212) 620-5000,http://www.rmanyc.org/,"40.7400207136, -73.9977915263","{""type"": ""Point"", ""coordinates"": [-73.9977915262889, 40.74002071356372]}"
Sony Wonder Technology Lab,550 Madison Ave,Sony Plaza,10022,New York,(212) 833-8100,http://wondertechlab.sony.com/,"40.7614706339, -73.9735078214","{""type"": ""Point"", ""coordinates"": [-73.973507821432, 40.76147063394868]}"
Theodore Roosevelt Birthplace,28 East 20th Street,,10003,New York,(212) 260-1616,http://www.nps.gov/thrb/index.htm,"40.7386423486, -73.989040853","{""type"": ""Point"", ""coordinates"": [-73.98904085297522, 40.73864234857053]}"
New Museum of Contemporary Art,235 Bowery,,10002,New York,(212) 219-1222,http://www.newmuseum.org/,"40.7223470352, -73.992838793","{""type"": ""Point"", ""coordinates"": [-73.9928387929733, 40.72234703517337]}"
Skyscraper Museum,39 Battery Place,,10280,New York,(212) 968-1961,http://www.skyscraper.org/home.htm,"40.7056578636, -74.0175680689","{""type"": ""Point"", ""coordinates"": [-74.01756806893675, 40.70565786362073]}"
Wyckoff Farmhouse Museum,5816 Clarendon Ave,,11203,Brooklyn,(718) 629-5400,http://www.wyckoffassociation.org/,"40.6443410141, -73.9207962985","{""type"": ""Point"", ""coordinates"": [-73.92079629850517, 40.64434101405975]}"
Children's Museum of the Arts,182 Lafayette Street,,10012,New York,(212) 274-0986,http://cmany.org/intro.php?pn=home,"40.7207498029, -73.9988383606","{""type"": ""Point"", ""coordinates"": [-73.99883836055395, 40.72074980290631]}"
Harbor Defense Museum of Fort Hamilton,230 Sheridan Loop,,11252,Brooklyn,(718) 630-4349,http://www.harbordefensemuseum.com/,"40.6090090013, -74.0323107767","{""type"": ""Point"", ""coordinates"": [-74.03231077674442, 40.609009001342145]}"
Staten Island Museum / Staten Island Institute of Arts & Sciences,75 Stuyvesant Pl.,,10301,Staten Island,(718) 727-1135,http://www.statenislandmuseum.org/,"40.6443695112, -74.0776650638","{""type"": ""Point"", ""coordinates"": [-74.07766506377132, 40.64436951121136]}"
American Folk Art Museum,45 West 53rd Street,,10019,New York,(212) 265-1040,http://www.folkartmuseum.org/,"40.7616253052, -73.9781030211","{""type"": ""Point"", ""coordinates"": [-73.97810302107814, 40.76162530521804]}"
American Immigration History Center,Ellis Island,,0,New York,(212) 363-3200,http://www.ellisisland.org/,"40.6990565957, -74.0396848373","{""type"": ""Point"", ""coordinates"": [-74.03968483725014, 40.699056595683956]}"
American Museum of Natural History,Central Park West at 79th Street,,10024,New York,(212) 769-5100,http://www.amnh.org/,"40.7808265673, -73.9736481647","{""type"": ""Point"", ""coordinates"": [-73.9736481646561, 40.78082656726705]}"
Bartow-Pell Mansion,895 Shore Road,Pelham Bay Park,10464,Bronx,(718) 885-1461,http://bartowpellmansionmuseum.org/index.php,"40.871778651, -73.8055794992","{""type"": ""Point"", ""coordinates"": [-73.80557949924192, 40.87177865104398]}"
Children's Museum of Manhattan,212 West 83rd Street,,10024,New York,(212) 721-1234,http://www.cmom.org/,"40.7858712541, -73.9772739202","{""type"": ""Point"", ""coordinates"": [-73.97727392020603, 40.78587125405974]}"
Hispanic Society of America Museum,613 West 155th Street,,10032,New York,(212) 926-2234,http://www.hispanicsociety.org/,"40.8334524805, -73.9468228218","{""type"": ""Point"", ""coordinates"": [-73.94682282183064, 40.83345248046198]}"
Museum of Biblical Art,1865 Broadway,,10023,New York,(212) 408-1200,http://www.mobia.org/,"40.7702527438, -73.9827258427","{""type"": ""Point"", ""coordinates"": [-73.98272584265908, 40.77025274383587]}"
Queens Museum of Art,Queens Museum of Art,Flushing Meadows Corona Park,11368,Queens,(718) 592-9700,http://www.queensmuseum.org/,"40.7458431983, -73.8467627585","{""type"": ""Point"", ""coordinates"": [-73.84676275847491, 40.74584319834269]}"
The Museum at FIT,7th Avenue at West 27th Street,,10001,New York,(212) 217-5800,http://www.fitnyc.edu/306.asp,"40.7470087086, -73.9939296676","{""type"": ""Point"", ""coordinates"": [-73.9939296676437, 40.74700870860592]}"
American Jewish Historical Society,15 W. 16th St.,,10011,New York,(212) 294-6160,http://www.ajhs.org/,"40.7380157179, -73.993928905","{""type"": ""Point"", ""coordinates"": [-73.99392890500013, 40.73801571785089]}"
John J. Harvey Fireboat,Pier 66 at West 26th Street,,10001,New York,,http://www.fireboat.org/,"40.7523305298, -74.0096548377","{""type"": ""Point"", ""coordinates"": [-74.00965483771073, 40.752330529763036]}"
Madame Tussauds Wax Museum,234 W. 42nd Street,,10036,New York,(800) 246-8872,http://www.madametussauds.com/NewYork/,"40.7563184966, -73.9887022618","{""type"": ""Point"", ""coordinates"": [-73.98870226175181, 40.75631849659889]}"
New York Transit Museum,Boerum Pl. & Schermenhorn Street,,0,Brooklyn,(718) 694-4915,http://www.mta.info/mta/museum/,"40.6905240312, -73.9900259714","{""type"": ""Point"", ""coordinates"": [-73.9900259714353, 40.69052403117602]}"
Schomburg Center for Research in Black Culture,515 Malcolm X Boulevard,,10037,New York,(212) 491-2200,http://www.nypl.org/research/sc/sc.html,"40.8146130589, -73.9409907599","{""type"": ""Point"", ""coordinates"": [-73.94099075994437, 40.814613058923925]}"
YIVO Institute for Jewish Research,15 W. 16th St.,,10011,New York,(212) 246-6860,http://www.yivoinstitute.org/,"40.7379602804, -73.9937942712","{""type"": ""Point"", ""coordinates"": [-73.99379427123057, 40.73796028037819]}"
Dia Art Foundation,535 W 22nd Street,,10011,New York,(212) 989 5566,http://www.diacenter.org/,"40.7478952597, -74.0061353768","{""type"": ""Point"", ""coordinates"": [-74.00613537680859, 40.747895259664865]}"
"Cooper-Hewitt, National Design Museum",2 East 91st Street,,10128,New York,(212) 849-8400,http://www.cooperhewitt.org/,"40.7843260739, -73.95778162","{""type"": ""Point"", ""coordinates"": [-73.95778161997623, 40.78432607387857]}"
Ellis Island Museum,Ellis Island,,0,New York,(212) 363-3200,http://www.ellisisland.org/,"40.698207887, -74.0413216172","{""type"": ""Point"", ""coordinates"": [-74.04132161722448, 40.698207887027515]}"
Hudson Waterfront Museum and Showboat Barge,290 Conover St.,,11231,Brooklyn,(718) 624-4719,http://www.waterfrontmuseum.org/,"40.6755722678, -74.0180869422","{""type"": ""Point"", ""coordinates"": [-74.01808694215103, 40.675572267836536]}"
Museum of Modern Art (MoMA),11 West 53rd Street,,10019,New York,(212) 708-9400,http://www.moma.org/,"40.7611869744, -73.9770036308","{""type"": ""Point"", ""coordinates"": [-73.97700363083149, 40.761186974445174]}"
National Academy Museum,1083 5th Avenue,,10128,New York,(212) 369-4880,https://nationalacademy.org/index.asp,"40.7836135004, -73.9584917733","{""type"": ""Point"", ""coordinates"": [-73.95849177332464, 40.78361350036915]}"
New York City Fire Museum,278 Spring Street,,10012,New York,(212) 691-1303,http://www.nycfiremuseum.org/,"40.7255721391, -74.0069342612","{""type"": ""Point"", ""coordinates"": [-74.00693426116919, 40.72557213907748]}"
Scandinavia House: The Nordic Center in America,58 Park Ave.,,10016,New York,(212) 879-9779,http://www.scandinaviahouse.org/,"40.7494472293, -73.980088435","{""type"": ""Point"", ""coordinates"": [-73.98008843499025, 40.74944722933135]}"
The Jewish Children's Museum,792 Eastern Pkwy,,11213,Brooklyn,(718) 467-0600,http://www.jcmonline.org/,"40.6689119106, -73.9419617694","{""type"": ""Point"", ""coordinates"": [-73.94196176941345, 40.66891191064481]}"
Whitney Museum of American Art,945 Madison Ave.,,10021,New York,1 (800) WHITNEY,http://www.whitney.org/,"40.7734076268, -73.9638343463","{""type"": ""Point"", ""coordinates"": [-73.96383434630908, 40.77340762678988]}"
Brooklyn Historical Society,128 Pierrepont Street,,11201,Brooklyn,(718) 222-4111,http://www.brooklynhistory.org/default/index.html,"40.6948033079, -73.9924054041","{""type"": ""Point"", ""coordinates"": [-73.99240540407605, 40.694803307889096]}"
Lefferts Historic House,Prospect Park Willink Entrance,Flatbush and Ocean Avenues and Empire Boulevard,11215,Brooklyn,(718) 789-2822,http://www.prospectpark.org/visit/places/lefferts,"40.6643802892, -73.9638141604","{""type"": ""Point"", ""coordinates"": [-73.96381416036222, 40.66438028917144]}"
Neue Galerie New York,1048 Fifth Avenue,,10028,New York,(212) 628-6200,http://www.neuegalerie.org/,"40.7812426686, -73.960248125","{""type"": ""Point"", ""coordinates"": [-73.96024812498372, 40.781242668597585]}"
Ukrainian Museum,222 East 6th Street,,10003,New York,(212) 228-0110,http://www.ukrainianmuseum.org/,"40.7276771213, -73.9897570306","{""type"": ""Point"", ""coordinates"": [-73.98975703063918, 40.72767712127481]}"
Museum of Jewish Heritage,36 Battery Place,,10280,New York,(646) 437-4200,http://www.mjhnyc.org/index.htm,"40.7059869807, -74.0185857171","{""type"": ""Point"", ""coordinates"": [-74.01858571714082, 40.70598698070255]}"
Noble Maritime Collection,1000 Richmond Terrace,,10301,Staten Island,(718) 447-6490,http://www.noblemaritime.org/,"40.6443122771, -74.1017720374","{""type"": ""Point"", ""coordinates"": [-74.101772037418, 40.644312277111986]}"
Holocaust Museum & Studies Center,75 W 205th St,,10468,Bronx,(718) 817-7700,http://www.holocauststudies.org/,"40.8783581982, -73.8909878428","{""type"": ""Point"", ""coordinates"": [-73.89098784283453, 40.87835819820909]}"
Italian American Museum,155 Mulberry St.,,10013,New York,(212) 965-9000,http://www.italianamericanmuseum.org/,"40.7191949622, -73.9974941069","{""type"": ""Point"", ""coordinates"": [-73.9974941068667, 40.71919496215277]}"
Nicholas Roerich Museum,319 West 107 Street,,10025,New York,(212) 864-7752,http://www.roerich.org/,"40.8029143332, -73.9690224969","{""type"": ""Point"", ""coordinates"": [-73.96902249687837, 40.80291433322502]}"
Americas Society,680 Park Ave.,,10021,New York,(212) 249-8950,http://as.americas-society.org/,"40.7688245629, -73.9659704513","{""type"": ""Point"", ""coordinates"": [-73.96597045126353, 40.76882456292171]}"
Cloisters,99 Margaret Corbin Drive,,10040,New York,(212) 923-3700,http://www.metmuseum.org/cloisters/,"40.8649239683, -73.9317340861","{""type"": ""Point"", ""coordinates"": [-73.9317340861022, 40.86492396833735]}"
Dyckman Farmhouse,4881 Broadway,,10034,New York,(212) 304-9422,http://www.dyckmanfarmhouse.org/,"40.8671312543, -73.9238391467","{""type"": ""Point"", ""coordinates"": [-73.92383914671588, 40.86713125425253]}"
Jeffrey's Hook lighthouse (Little Red Lighthouse),178th Street at the Hudson River,,10033,New York,(212) 304-2365,http://www.nycgovparks.org/sub_about/parks_divisions/historic_houses/hh_little_red_light.html,"40.8502203687, -73.9469449462","{""type"": ""Point"", ""coordinates"": [-73.94694494618321, 40.85022036868946]}"
Mexican Cultural Institute of New York,27 E. 39th St.,,10016,New York,(212) 217-6422,http://www.lavitrina.com/,"40.7507847003, -73.9798811788","{""type"": ""Point"", ""coordinates"": [-73.97988117875703, 40.75078470027008]}"
Museum of Comic and Cartoon Art (MoCCA),594 Broadway,Suite 401,10012,New York,(212) 254 3511,http://www.moccany.org/,"40.7247982798, -73.9967024766","{""type"": ""Point"", ""coordinates"": [-73.9967024765563, 40.724798279821165]}"
National Museum of the American Indian,1 Bowling Green,,10004,New York,(212) 514-3700,http://www.nmai.si.edu/,"40.7043215906, -74.0137270466","{""type"": ""Point"", ""coordinates"": [-74.0137270465804, 40.7043215906178]}"
Old Stone House,326 5th Avenue,,11215,Brooklyn,(718) 768-3195,http://www.theoldstonehouse.org/,"40.6729938058, -73.9846186155","{""type"": ""Point"", ""coordinates"": [-73.98461861546049, 40.67299380582418]}"
Solomon R. Guggenheim Museum,1071 Fifth Avenue,,10128,New York,(212) 423-3500,http://www.guggenheim.org/,"40.783009809, -73.9589110196","{""type"": ""Point"", ""coordinates"": [-73.95891101960447, 40.78300980904582]}"
Yeshiva University Museum,15 W. 16th St.,,10011,New York,(212) 294-8330,http://www.yumuseum.org/,"40.7380460176, -73.9938173701","{""type"": ""Point"", ""coordinates"": [-73.99381737007609, 40.73804601760068]}"
Brooklyn Children's Museum,145 Brooklyn Avenue,,11213,Brooklyn,(718) 735-4400,http://www.brooklynkids.org/,"40.6745073301, -73.9440160136","{""type"": ""Point"", ""coordinates"": [-73.94401601362361, 40.6745073301372]}"
